date,Open,High,Low,Close,Volume
2014/1/2,79.382858,79.575714,78.860001,79.01857,58671200
2014/1/3,78.980003,79.099998,77.204285,77.28286,98116900
2014/1/6,76.778572,78.114288,76.228569,77.704285,103152700
2014/1/7,77.760002,77.994286,76.845711,77.148575,79302300
2014/1/8,76.972855,77.937141,76.955711,77.637146,64632400
2014/1/9,78.114288,78.122856,76.478569,76.645714,69787200
2014/1/10,77.118568,77.257141,75.872856,76.134285,76244000
2014/1/13,75.701431,77.5,75.697144,76.53286,94623200
2014/1/14,76.888573,78.104286,76.808571,78.055717,83140400
2014/1/15,79.074287,80.028572,78.808571,79.622856,97909700
2014/1/16,79.271431,79.550003,78.811432,79.178574,57319500
2014/1/17,78.78286,78.867142,77.128571,77.238571,106684900
2014/1/21,77.284286,78.581429,77.202858,78.438568,82131700
2014/1/22,78.701431,79.612854,78.258568,78.78714,94996300
2014/1/23,78.562859,79.5,77.830002,79.454285,100809800
2014/1/24,79.14286,79.374283,77.821426,78.010002,107338700
2014/1/27,78.581429,79.257141,77.964287,78.64286,138719700
2014/1/28,72.68,73.571426,71.724289,72.35714,266380800
2014/1/29,71.992859,72.48143,71.23143,71.535713,125702500
2014/1/30,71.791428,72.35714,70.957146,71.397141,169625400
2014/1/31,70.739998,71.647141,70.507141,71.514282,116199300
2014/2/3,71.80143,72.53286,71.328575,71.647141,100366000
2014/2/4,72.264282,72.779999,71.822861,72.684288,94170300
2014/2/5,72.365715,73.611427,72.321426,73.227142,82086200
2014/2/6,72.865715,73.35714,72.544289,73.215714,64441300
2014/2/7,74.482857,74.704285,73.91143,74.239998,92570100
2014/2/10,74.094284,75.998573,74,75.57,86389800
2014/2/11,75.80143,76.821426,75.64286,76.565712,70564200
2014/2/12,76.707146,77.080002,76.177139,76.559998,77025200
2014/2/13,76.379997,77.835716,76.314285,77.775711,76849500
2014/2/14,77.495712,77.997147,77.315712,77.71286,68231100
2014/2/18,78,78.741432,77.944283,77.998573,65062900
2014/2/19,77.821426,78.127144,76.335716,76.767143,78442000
2014/2/20,76.141426,76.714287,75.571426,75.878571,76464500
2014/2/21,76.112854,76.367142,74.942856,75.035713,69696200
2014/2/24,74.735718,75.702858,74.631432,75.364288,72227400
2014/2/25,75.625717,75.652855,74.428574,74.580002,57988000
2014/2/26,74.80143,75,73.657143,73.907143,69054300
2014/2/27,73.877144,75.540001,73.721428,75.381432,75470500
2014/2/28,75.582855,76.10714,74.58857,75.177139,92992200
2014/3/3,74.774284,75.807144,74.687141,75.394287,59695300
2014/3/4,75.85714,76.091431,75.395714,75.891426,64785000
2014/3/5,75.845711,76.39286,75.589996,76.05143,50015700
2014/3/6,76.112854,76.348572,75.442856,75.821426,46372200
2014/3/7,75.870003,75.997147,75.150002,75.777145,55182400
2014/3/10,75.480003,76.190002,75.477142,75.845711,44646000
2014/3/11,76.492859,76.96286,76.084282,76.584282,69806100
2014/3/12,76.358574,76.764282,76,76.658569,49831600
2014/3/13,76.777145,77.094284,75.594284,75.807144,64435700
2014/3/14,75.541428,75.841431,74.714287,74.955711,59299800
2014/3/17,75.385712,75.709999,75.121429,75.248573,49886200
2014/3/18,75.128571,75.995712,75.028572,75.914284,52411800
2014/3/19,76.03714,76.605713,75.571426,75.894287,56189000
2014/3/20,75.69857,76.095711,75.335716,75.528572,52099600
2014/3/21,75.989998,76.25,75.190002,76.124283,93511600
2014/3/24,76.917145,77.214287,76.437141,77.027145,88925200
2014/3/25,77.35714,77.964287,77.084282,77.855713,70573300
2014/3/26,78.074287,78.428574,76.980003,77.111427,74942000
2014/3/27,77.145714,77.35714,76.445717,76.779999,55507900
2014/3/28,76.902855,76.991432,76.321426,76.694283,50141000
2014/3/31,77.03286,77.258568,76.561432,76.677139,42167300
2014/4/1,76.822861,77.410004,76.681427,77.378571,50190000
2014/4/2,77.482857,77.639999,77.18,77.507141,45105200
2014/4/3,77.341431,77.5,76.805717,76.970001,40586000
2014/4/4,77.115715,77.14286,75.797142,75.974289,68812800
2014/4/7,75.431427,75.842857,74.555717,74.781425,72462600
2014/4/8,75.027145,75.160004,74.099998,74.777145,60972100
2014/4/9,74.662857,75.784286,74.574287,75.760002,51542400
2014/4/10,75.811432,76.034286,74.738571,74.78286,59913000
2014/4/11,74.14286,74.690002,73.877144,74.230003,67929400
2014/4/14,74.557144,74.594284,73.887146,74.525711,51418500
2014/4/15,74.324287,74.519997,73.047142,73.994286,66622500
2014/4/16,74.007141,74.441429,73.44857,74.144287,53691400
2014/4/17,74.285713,75.394287,74.171425,74.991432,71083600
2014/4/21,75.048569,76.019997,74.851425,75.881432,45637200
2014/4/22,75.472855,75.975716,75.214287,75.957146,50640800
2014/4/23,75.580002,75.875717,74.921425,74.964287,98735000
2014/4/24,81.172859,81.428574,80.104286,81.110001,189977900
2014/4/25,80.647141,81.71286,80.565712,81.705711,97568800
2014/4/28,81.828575,85.10714,81.792854,84.870003,167371400
2014/4/29,84.82,85.139999,84.215714,84.618568,84344400
2014/4/30,84.662857,85.632858,84.257141,84.298569,114160200
2014/5/1,84.571426,84.971428,83.765717,84.497147,61012000
2014/5/2,84.620003,84.885712,84.244286,84.654289,47878600
2014/5/5,84.305717,85.85714,84.285713,85.851425,71766800
2014/5/6,85.971428,86.344284,84.915718,84.915718,93641100
2014/5/7,85.035713,85.327141,83.961426,84.618568,70716100
2014/5/8,84.035713,84.915718,83.771431,83.998573,57574300
2014/5/9,83.505714,83.75,82.904289,83.648575,72899400
2014/5/12,83.927139,84.808571,83.914284,84.690002,53302200
2014/5/13,84.571426,84.934288,84.385712,84.822861,39934300
2014/5/14,84.632858,85.342857,84.534286,84.83857,41601000
2014/5/15,84.957146,85.228569,84.005714,84.117142,57711500
2014/5/16,84.089996,85.361427,83.628571,85.358574,69064100
2014/5/19,85.407143,86.761429,85.332855,86.370003,79438800
2014/5/20,86.358574,86.628571,85.818573,86.387146,58709000
2014/5/21,86.261429,86.671425,86.008568,86.615715,49214900
2014/5/22,86.657143,87.121429,86.300003,86.752853,50190000
2014/5/23,86.75,87.818573,86.638573,87.732857,58052400
2014/5/27,87.982857,89.408569,87.947144,89.375717,87216500
2014/5/28,89.431427,89.975716,89.111427,89.144287,78870400
2014/5/29,89.692856,90.98143,89.681427,90.76857,94118500
2014/5/30,91.139999,92.024284,89.842857,90.428574,141005200
2014/6/2,90.565712,90.690002,88.928574,89.807144,92337700
2014/6/3,89.779999,91.248573,89.75,91.077141,73177300
2014/6/4,91.062859,92.555717,90.872856,92.117142,83870500
2014/6/5,92.314285,92.767143,91.80143,92.478569,75951400
2014/6/6,92.842857,93.03714,92.067146,92.224289,87484600
2014/6/9,92.699997,93.879997,91.75,93.699997,75415000
2014/6/10,94.730003,95.050003,93.57,94.25,62777000
2014/6/11,94.129997,94.760002,93.470001,93.860001,45681000
2014/6/12,94.040001,94.120003,91.900002,92.290001,54749000
2014/6/13,92.199997,92.440002,90.879997,91.279999,54525000
2014/6/16,91.510002,92.75,91.449997,92.199997,35561000
2014/6/17,92.309998,92.699997,91.800003,92.080002,29726000
2014/6/18,92.269997,92.290001,91.349998,92.18,33514000
2014/6/19,92.290001,92.300003,91.339996,91.860001,35528000
2014/6/20,91.849998,92.550003,90.900002,90.910004,100898000
2014/6/23,91.32,91.620003,90.599998,90.830002,43694000
2014/6/24,90.75,91.739998,90.190002,90.279999,39036000
2014/6/25,90.209999,90.699997,89.650002,90.360001,36869000
2014/6/26,90.370003,91.050003,89.800003,90.900002,32629000
2014/6/27,90.82,92,90.769997,91.980003,64029000
2014/6/30,92.099998,93.730003,92.089996,92.93,49482300
2014/7/1,93.519997,94.07,93.129997,93.519997,38223000
2014/7/2,93.870003,94.059998,93.089996,93.480003,28465000
2014/7/3,93.669998,94.099998,93.199997,94.029999,22891800
2014/7/7,94.139999,95.989998,94.099998,95.970001,56468000
2014/7/8,96.269997,96.800003,93.919998,95.349998,65222000
2014/7/9,95.440002,95.949997,94.760002,95.389999,36436000
2014/7/10,93.760002,95.550003,93.519997,95.040001,39686000
2014/7/11,95.360001,95.889999,94.860001,95.220001,34018000
2014/7/14,95.860001,96.889999,95.650002,96.449997,42810000
2014/7/15,96.800003,96.849998,95.029999,95.32,45477900
2014/7/16,96.970001,97.099998,94.739998,94.779999,53396300
2014/7/17,95.029999,95.279999,92.57,93.089996,57298000
2014/7/18,93.620003,94.739998,93.019997,94.43,49988000
2014/7/21,94.989998,95,93.720001,93.940002,39079000
2014/7/22,94.68,94.889999,94.120003,94.720001,55197000
2014/7/23,95.419998,97.879997,95.169998,97.190002,92918000
2014/7/24,97.040001,97.32,96.419998,97.029999,45729000
2014/7/25,96.849998,97.839996,96.639999,97.669998,43469000
2014/7/28,97.82,99.239998,97.550003,99.019997,55318000
2014/7/29,99.330002,99.440002,98.25,98.379997,43143000
2014/7/30,98.440002,98.699997,97.669998,98.150002,33010000
2014/7/31,97.160004,97.449997,95.330002,95.599998,56843000
2014/8/1,94.900002,96.620003,94.809998,96.129997,48511000
2014/8/4,96.370003,96.580002,95.169998,95.589996,39958000
2014/8/5,95.360001,95.68,94.360001,95.120003,55933000
2014/8/6,94.75,95.480003,94.709999,94.959999,38558000
2014/8/7,94.93,95.949997,94.099998,94.480003,46711000
2014/8/8,94.260002,94.82,93.279999,94.739998,41865000
2014/8/11,95.269997,96.080002,94.839996,95.989998,36585000
2014/8/12,96.040001,96.879997,95.610001,95.970001,33795000
2014/8/13,96.150002,97.239998,96.040001,97.239998,31916000
2014/8/14,97.330002,97.57,96.800003,97.5,28116000
2014/8/15,97.900002,98.190002,96.860001,97.980003,48951000
2014/8/18,98.489998,99.370003,97.980003,99.160004,47572000
2014/8/19,99.410004,100.68,99.32,100.529999,69399000
2014/8/20,100.440002,101.089996,99.949997,100.57,52699000
2014/8/21,100.57,100.940002,100.110001,100.580002,33478000
2014/8/22,100.290001,101.470001,100.190002,101.32,44184000
2014/8/25,101.790001,102.169998,101.279999,101.540001,40270000
2014/8/26,101.419998,101.5,100.860001,100.889999,33152000
2014/8/27,101.019997,102.57,100.699997,102.129997,52369000
2014/8/28,101.589996,102.779999,101.559998,102.25,68460000
2014/8/29,102.860001,102.900002,102.199997,102.5,44595000
2014/9/2,103.059998,103.739998,102.720001,103.300003,53564000
2014/9/3,103.099998,103.199997,98.580002,98.940002,125421000
2014/9/4,98.849998,100.089996,97.790001,98.120003,85718000
2014/9/5,98.800003,99.389999,98.309998,98.970001,58457000
2014/9/8,99.300003,99.309998,98.050003,98.360001,46356700
2014/9/9,99.080002,103.080002,96.139999,97.989998,189846300
2014/9/10,98.010002,101.110001,97.760002,101,100869600
2014/9/11,100.410004,101.440002,99.620003,101.43,62353100
2014/9/12,101.209999,102.190002,101.080002,101.660004,62626100
2014/9/15,102.809998,103.050003,101.440002,101.629997,61316500
2014/9/16,99.800003,101.260002,98.889999,100.860001,66908100
2014/9/17,101.269997,101.800003,100.589996,101.580002,60926500
2014/9/18,101.93,102.349998,101.559998,101.790001,37299400
2014/9/19,102.290001,102.349998,100.5,100.959999,70902400
2014/9/22,101.800003,102.139999,100.580002,101.059998,52788400
2014/9/23,100.599998,102.940002,100.540001,102.639999,63402200
2014/9/24,102.160004,102.849998,101.199997,101.75,60171800
2014/9/25,100.510002,100.709999,97.720001,97.870003,100092000
2014/9/26,98.529999,100.75,98.400002,100.75,62370500
2014/9/29,98.650002,100.440002,98.629997,100.110001,49766300
2014/9/30,100.809998,101.540001,100.529999,100.75,55264100
2014/10/1,100.589996,100.690002,98.699997,99.18,51491300
2014/10/2,99.269997,100.220001,98.040001,99.900002,47757800
2014/10/3,99.440002,100.209999,99.040001,99.620003,43469600
2014/10/6,99.949997,100.650002,99.419998,99.620003,37051200
2014/10/7,99.43,100.120003,98.730003,98.75,42094200
2014/10/8,98.760002,101.110001,98.309998,100.800003,57404700
2014/10/9,101.540001,102.379997,100.610001,101.019997,77376500
2014/10/10,100.690002,102.029999,100.300003,100.730003,66331600
2014/10/13,101.330002,101.779999,99.809998,99.809998,53583400
2014/10/14,100.389999,100.519997,98.57,98.75,63688600
2014/10/15,97.970001,99.150002,95.18,97.540001,100933600
2014/10/16,95.550003,97.720001,95.410004,96.260002,72154500
2014/10/17,97.5,99,96.809998,97.669998,68179700
2014/10/20,98.32,99.959999,98.220001,99.760002,77517300
2014/10/21,103.019997,103.019997,101.269997,102.470001,94623900
2014/10/22,102.839996,104.110001,102.599998,102.989998,68263100
2014/10/23,104.080002,105.050003,103.629997,104.830002,71074700
2014/10/24,105.18,105.489998,104.529999,105.220001,47053900
2014/10/27,104.849998,105.480003,104.699997,105.110001,34187700
2014/10/28,105.400002,106.739998,105.349998,106.739998,48060900
2014/10/29,106.650002,107.370003,106.360001,107.339996,52687900
2014/10/30,106.959999,107.349998,105.900002,106.980003,40654800
2014/10/31,108.010002,108.040001,107.209999,108,44639300
2014/11/3,108.220001,110.300003,108.010002,109.400002,52282600
2014/11/4,109.360001,109.489998,107.720001,108.599998,41574400
2014/11/5,109.099998,109.300003,108.129997,108.860001,37435900
2014/11/6,108.599998,108.790001,107.800003,108.699997,34968500
2014/11/7,108.75,109.32,108.550003,109.010002,33691500
2014/11/10,109.019997,109.330002,108.669998,108.830002,27195500
2014/11/11,108.699997,109.75,108.400002,109.699997,27442300
2014/11/12,109.379997,111.43,109.370003,111.25,46942400
2014/11/13,111.800003,113.449997,111.599998,112.82,59522900
2014/11/14,113.150002,114.190002,111.209999,114.18,44063600
2014/11/17,114.269997,117.279999,113.300003,113.989998,46746700
2014/11/18,113.940002,115.690002,113.889999,115.470001,44224000
2014/11/19,115.440002,115.739998,113.800003,114.669998,41869200
2014/11/20,114.910004,116.860001,114.849998,116.309998,43395500
2014/11/21,117.510002,117.57,116.029999,116.470001,57179300
2014/11/24,116.849998,118.769997,116.620003,118.629997,47450800
2014/11/25,119.07,119.75,117.449997,117.599998,68840400
2014/11/26,117.940002,119.099998,117.830002,119,40768300
2014/11/28,119.269997,119.400002,118.050003,118.93,24814400
2014/12/1,118.809998,119.25,111.269997,115.07,83814000
2014/12/2,113.5,115.75,112.75,114.629997,59348900
2014/12/3,115.75,116.349998,115.110001,115.93,43063400
2014/12/4,115.769997,117.199997,115.290001,115.489998,42044500
2014/12/5,115.989998,116.080002,114.639999,115,38318900
2014/12/8,114.099998,114.650002,111.620003,112.400002,57664900
2014/12/9,110.190002,114.300003,109.349998,114.120003,60208000
2014/12/10,114.410004,114.849998,111.540001,111.949997,44565300
2014/12/11,112.260002,113.800003,111.339996,111.620003,41401700
2014/12/12,110.459999,111.870003,109.580002,109.730003,56028100
2014/12/15,110.699997,111.599998,106.349998,108.230003,67218100
2014/12/16,106.370003,110.160004,106.260002,106.75,60790700
2014/12/17,107.120003,109.839996,106.82,109.410004,53411800
2014/12/18,111.870003,112.650002,110.660004,112.650002,59006200
2014/12/19,112.260002,113.239998,111.660004,111.779999,88429800
2014/12/22,112.160004,113.489998,111.970001,112.940002,45167500
2014/12/23,113.230003,113.330002,112.459999,112.540001,26028400
2014/12/24,112.580002,112.709999,112.010002,112.010002,14479600
2014/12/26,112.099998,114.519997,112.010002,113.989998,33721000
2014/12/29,113.790001,114.769997,113.699997,113.910004,27598900
2014/12/30,113.639999,113.919998,112.110001,112.519997,29881500
2014/12/31,112.82,113.129997,110.209999,110.379997,41403400
2015/1/2,111.389999,111.440002,107.349998,109.330002,53204600
2015/1/5,108.290001,108.650002,105.410004,106.25,64285500
2015/1/6,106.540001,107.43,104.629997,106.260002,65797100
2015/1/7,107.199997,108.199997,106.699997,107.75,40105900
2015/1/8,109.230003,112.150002,108.699997,111.889999,59364500
2015/1/9,112.669998,113.25,110.209999,112.010002,53699500
2015/1/12,112.599998,112.629997,108.800003,109.25,49650800
2015/1/13,111.43,112.800003,108.910004,110.220001,67091900
2015/1/14,109.040001,110.489998,108.5,109.800003,48337000
2015/1/15,110,110.059998,106.660004,106.82,60014000
2015/1/16,107.029999,107.580002,105.199997,105.989998,78513300
2015/1/20,107.839996,108.970001,106.5,108.720001,49899900
2015/1/21,108.949997,111.059998,108.269997,109.550003,48575900
2015/1/22,110.260002,112.470001,109.720001,112.400002,53796400
2015/1/23,112.300003,113.75,111.529999,112.980003,46464800
2015/1/26,113.739998,114.360001,112.800003,113.099998,55615000
2015/1/27,112.419998,112.480003,109.029999,109.139999,95568700
2015/1/28,117.629997,118.120003,115.309998,115.309998,146477100
2015/1/29,116.32,119.190002,115.559998,118.900002,84436400
2015/1/30,118.400002,120,116.849998,117.160004,83745500
2015/2/2,118.050003,119.169998,116.080002,118.629997,62739100
2015/2/3,118.5,119.089996,117.610001,118.650002,51915700
2015/2/4,118.5,120.510002,118.309998,119.559998,70149700
2015/2/5,120.019997,120.230003,119.25,119.940002,42246200
2015/2/6,120.019997,120.25,118.449997,118.93,43706600
2015/2/9,118.550003,119.839996,118.43,119.720001,38889800
2015/2/10,120.169998,122.150002,120.160004,122.019997,62008500
2015/2/11,122.769997,124.919998,122.5,124.879997,73561800
2015/2/12,126.059998,127.480003,125.57,126.459999,74474500
2015/2/13,127.279999,127.279999,125.650002,127.080002,54272200
2015/2/17,127.489998,128.880005,126.919998,127.830002,63152400
2015/2/18,127.629997,128.779999,127.449997,128.720001,44891700
2015/2/19,128.479996,129.029999,128.330002,128.449997,37362400
2015/2/20,128.619995,129.5,128.050003,129.5,48948400
2015/2/23,130.020004,133,129.660004,133,70974100
2015/2/24,132.940002,133.600006,131.169998,132.169998,69228100
2015/2/25,131.559998,131.600006,128.149994,128.789993,74711700
2015/2/26,128.789993,130.869995,126.610001,130.419998,91287500
2015/2/27,130,130.570007,128.240005,128.460007,62014800
2015/3/2,129.25,130.279999,128.300003,129.089996,48096700
2015/3/3,128.960007,129.520004,128.089996,129.360001,37816300
2015/3/4,129.100006,129.559998,128.320007,128.539993,31666300
2015/3/5,128.580002,128.75,125.760002,126.410004,56517100
2015/3/6,128.399994,129.369995,126.260002,126.599998,72842100
2015/3/9,127.959999,129.570007,125.059998,127.139999,88528500
2015/3/10,126.410004,127.220001,123.800003,124.510002,68856600
2015/3/11,124.75,124.769997,122.110001,122.239998,68939000
2015/3/12,122.309998,124.900002,121.629997,124.449997,48362700
2015/3/13,124.400002,125.400002,122.580002,123.589996,51827300
2015/3/16,123.879997,124.949997,122.870003,124.949997,35874300
2015/3/17,125.900002,127.32,125.650002,127.040001,51023100
2015/3/18,127,129.160004,126.370003,128.470001,65270900
2015/3/19,128.75,129.25,127.400002,127.5,45809500
2015/3/20,128.25,128.399994,125.160004,125.900002,68695100
2015/3/23,127.120003,127.849998,126.519997,127.209999,37709700
2015/3/24,127.230003,128.039993,126.559998,126.690002,32842300
2015/3/25,126.540001,126.82,123.379997,123.379997,51655200
2015/3/26,122.760002,124.879997,122.599998,124.239998,47572900
2015/3/27,124.57,124.699997,122.910004,123.25,39546200
2015/3/30,124.050003,126.400002,124,126.370003,47099700
2015/3/31,126.089996,126.489998,124.360001,124.43,42090600
2015/4/1,124.82,125.120003,123.099998,124.25,40621400
2015/4/2,125.029999,125.559998,124.190002,125.32,32220100
2015/4/6,124.470001,127.510002,124.330002,127.349998,37194000
2015/4/7,127.639999,128.119995,125.980003,126.010002,35012300
2015/4/8,125.849998,126.400002,124.970001,125.599998,37329200
2015/4/9,125.849998,126.580002,124.660004,126.559998,32484000
2015/4/10,125.949997,127.209999,125.260002,127.099998,40188000
2015/4/13,128.369995,128.570007,126.610001,126.849998,36365100
2015/4/14,127,127.290001,125.910004,126.300003,25524600
2015/4/15,126.410004,127.129997,126.010002,126.779999,28970400
2015/4/16,126.279999,127.099998,126.110001,126.169998,28369000
2015/4/17,125.550003,126.139999,124.459999,124.75,51957000
2015/4/20,125.57,128.119995,125.169998,127.599998,47054300
2015/4/21,128.100006,128.199997,126.669998,126.910004,32435100
2015/4/22,126.989998,128.869995,126.32,128.619995,37654500
2015/4/23,128.300003,130.419998,128.139999,129.669998,45770900
2015/4/24,130.490005,130.630005,129.229996,130.279999,44525900
2015/4/27,132.309998,133.130005,131.149994,132.649994,96954200
2015/4/28,134.460007,134.539993,129.570007,130.559998,118924000
2015/4/29,130.160004,131.589996,128.300003,128.639999,63386100
2015/4/30,128.639999,128.639999,124.580002,125.150002,83195400
2015/5/1,126.099998,130.130005,125.300003,128.949997,58512600
2015/5/4,129.5,130.570007,128.259995,128.699997,50988300
2015/5/5,128.149994,128.449997,125.779999,125.800003,49271400
2015/5/6,126.559998,126.75,123.360001,125.010002,72141000
2015/5/7,124.769997,126.080002,124.019997,125.260002,43940900
2015/5/8,126.68,127.620003,126.110001,127.620003,55550400
2015/5/11,127.389999,127.559998,125.629997,126.32,42035800
2015/5/12,125.599998,126.879997,124.82,125.870003,48160000
2015/5/13,126.150002,127.190002,125.870003,126.010002,34694200
2015/5/14,127.410004,128.949997,127.160004,128.949997,45203500
2015/5/15,129.070007,129.490005,128.210007,128.770004,38208000
2015/5/18,128.380005,130.720001,128.360001,130.190002,50882900
2015/5/19,130.690002,130.880005,129.639999,130.070007,44633200
2015/5/20,130,130.979996,129.339996,130.059998,36454900
2015/5/21,130.070007,131.630005,129.830002,131.389999,39730400
2015/5/22,131.600006,132.970001,131.399994,132.539993,45596000
2015/5/26,132.600006,132.910004,129.119995,129.619995,70697600
2015/5/27,130.339996,132.259995,130.050003,132.039993,45833200
2015/5/28,131.860001,131.949997,131.100006,131.779999,30733300
2015/5/29,131.229996,131.449997,129.899994,130.279999,50884500
2015/6/1,130.279999,131.389999,130.050003,130.539993,32112800
2015/6/2,129.860001,130.660004,129.320007,129.960007,33667600
2015/6/3,130.660004,130.940002,129.899994,130.119995,30889400
2015/6/4,129.580002,130.580002,128.910004,129.360001,38450100
2015/6/5,129.5,129.690002,128.360001,128.649994,35626800
2015/6/8,128.899994,129.210007,126.830002,127.800003,52674800
2015/6/9,126.699997,128.080002,125.620003,127.419998,56075400
2015/6/10,127.919998,129.339996,127.849998,128.880005,39087300
2015/6/11,129.179993,130.179993,128.479996,128.589996,35390900
2015/6/12,128.190002,128.330002,127.110001,127.169998,36886200
2015/6/15,126.099998,127.239998,125.709999,126.919998,43988900
2015/6/16,127.029999,127.849998,126.370003,127.599998,31494100
2015/6/17,127.720001,127.879997,126.739998,127.300003,32918100
2015/6/18,127.230003,128.309998,127.220001,127.879997,35407200
2015/6/19,127.709999,127.82,126.400002,126.599998,54716900
2015/6/22,127.489998,128.059998,127.080002,127.610001,34039300
2015/6/23,127.480003,127.610001,126.879997,127.029999,30268900
2015/6/24,127.209999,129.800003,127.120003,128.110001,55280900
2015/6/25,128.860001,129.199997,127.5,127.5,31938100
2015/6/26,127.669998,127.989998,126.510002,126.75,44066800
2015/6/29,125.459999,126.470001,124.480003,124.529999,49161400
2015/6/30,125.57,126.120003,124.860001,125.43,44370700
2015/7/1,126.900002,126.940002,125.989998,126.599998,30238800
2015/7/2,126.43,126.690002,125.769997,126.440002,27211000
2015/7/6,124.940002,126.230003,124.849998,126,28060400
2015/7/7,125.889999,126.150002,123.769997,125.690002,46946800
2015/7/8,124.480003,124.639999,122.540001,122.57,60761600
2015/7/9,123.849998,124.059998,119.220001,120.07,77821600
2015/7/10,121.940002,123.849998,121.209999,123.279999,61354500
2015/7/13,125.029999,125.760002,124.32,125.660004,41440500
2015/7/14,126.040001,126.370003,125.040001,125.610001,31768100
2015/7/15,125.720001,127.150002,125.580002,126.82,33649200
2015/7/16,127.739998,128.570007,127.349998,128.509995,36222400
2015/7/17,129.080002,129.619995,128.309998,129.619995,46164700
2015/7/20,130.970001,132.970001,130.699997,132.070007,58900200
2015/7/21,132.850006,132.919998,130.320007,130.75,76756400
2015/7/22,121.989998,125.5,121.989998,125.220001,115450600
2015/7/23,126.199997,127.089996,125.059998,125.160004,50999500
2015/7/24,125.32,125.739998,123.900002,124.5,42162300
2015/7/27,123.089996,123.610001,122.120003,122.769997,44455500
2015/7/28,123.379997,123.910004,122.550003,123.379997,33618100
2015/7/29,123.150002,123.5,122.269997,122.989998,37011700
2015/7/30,122.32,122.57,121.709999,122.370003,33628300
2015/7/31,122.599998,122.639999,120.910004,121.300003,42885000
2015/8/3,121.5,122.57,117.519997,118.440002,69976000
2015/8/4,117.419998,117.699997,113.25,114.639999,124138600
2015/8/5,112.949997,117.440002,112.099998,115.400002,99312600
2015/8/6,115.970001,116.5,114.120003,115.129997,52903000
2015/8/7,114.580002,116.25,114.5,115.519997,38670400
2015/8/10,116.529999,119.989998,116.529999,119.720001,54951600
2015/8/11,117.809998,118.18,113.330002,113.489998,97082800
2015/8/12,112.529999,115.419998,109.629997,115.239998,101217500
2015/8/13,116.040001,116.400002,114.540001,115.150002,48535800
2015/8/14,114.32,116.309998,114.010002,115.959999,42929500
2015/8/17,116.040001,117.650002,115.5,117.160004,40884700
2015/8/18,116.43,117.440002,116.010002,116.5,34560700
2015/8/19,116.099998,116.519997,114.68,115.010002,47445700
2015/8/20,114.080002,114.349998,111.629997,112.650002,68501600
2015/8/21,110.43,111.900002,105.650002,105.760002,128275500
2015/8/24,94.870003,108.800003,92,103.120003,162206300
2015/8/25,111.110001,111.110001,103.5,103.739998,103601600
2015/8/26,107.089996,109.889999,105.050003,109.690002,96774600
2015/8/27,112.230003,113.239998,110.019997,112.919998,84616100
2015/8/28,112.169998,113.309998,111.540001,113.290001,53164400
2015/8/31,112.029999,114.529999,112,112.760002,56229300
2015/9/1,110.150002,111.879997,107.360001,107.720001,76845900
2015/9/2,110.230003,112.339996,109.129997,112.339996,61888800
2015/9/3,112.489998,112.779999,110.040001,110.370003,53233900
2015/9/4,108.970001,110.449997,108.510002,109.269997,49996300
2015/9/8,111.75,112.559998,110.32,112.309998,54843600
2015/9/9,113.760002,114.019997,109.769997,110.150002,85010800
2015/9/10,110.269997,113.279999,109.900002,112.57,62892800
2015/9/11,111.790001,114.209999,111.760002,114.209999,49915500
2015/9/14,116.580002,116.889999,114.860001,115.309998,58363400
2015/9/15,115.93,116.529999,114.419998,116.279999,43341200
2015/9/16,116.25,116.540001,115.440002,116.410004,37173500
2015/9/17,115.660004,116.489998,113.720001,113.919998,64112600
2015/9/18,112.209999,114.300003,111.870003,113.449997,74285300
2015/9/21,113.669998,115.370003,113.660004,115.209999,50222000
2015/9/22,113.379997,114.18,112.519997,113.400002,50346200
2015/9/23,113.629997,114.720001,113.300003,114.32,35756700
2015/9/24,113.25,115.5,112.370003,115,50219500
2015/9/25,116.440002,116.690002,114.019997,114.709999,56151900
2015/9/28,113.849998,114.57,112.440002,112.440002,52109000
2015/9/29,112.830002,113.510002,107.860001,109.059998,73365400
2015/9/30,110.169998,111.540001,108.730003,110.300003,66473000
2015/10/1,109.07,109.620003,107.309998,109.580002,63929100
2015/10/2,108.010002,111.010002,107.550003,110.379997,58019800
2015/10/5,109.879997,111.370003,109.07,110.779999,52064700
2015/10/6,110.629997,111.739998,109.769997,111.309998,48196800
2015/10/7,111.739998,111.769997,109.410004,110.779999,46765600
2015/10/8,110.190002,110.190002,108.209999,109.5,61979600
2015/10/9,110,112.279999,109.489998,112.120003,52766100
2015/10/12,112.730003,112.75,111.440002,111.599998,30467200
2015/10/13,110.82,112.449997,110.68,111.790001,33049300
2015/10/14,111.290001,111.519997,109.559998,110.209999,44462400
2015/10/15,110.93,112.099998,110.489998,111.860001,37673500
2015/10/16,111.779999,112,110.529999,111.040001,39232600
2015/10/19,110.800003,111.75,110.110001,111.730003,29759200
2015/10/20,111.339996,114.169998,110.82,113.769997,48778800
2015/10/21,114,115.580002,113.699997,113.760002,41795200
2015/10/22,114.330002,115.5,114.099998,115.5,41654100
2015/10/23,116.699997,119.230003,116.330002,119.080002,59366900
2015/10/26,118.080002,118.129997,114.919998,115.279999,66333800
2015/10/27,115.400002,116.540001,113.989998,114.550003,69884400
2015/10/28,116.93,119.300003,116.059998,119.269997,85551400
2015/10/29,118.699997,120.690002,118.269997,120.529999,51227300
2015/10/30,120.989998,121.220001,119.449997,119.5,49365300
2015/11/2,120.800003,121.360001,119.610001,121.18,32203300
2015/11/3,120.790001,123.489998,120.699997,122.57,45519000
2015/11/4,123.129997,123.82,121.620003,122,44886100
2015/11/5,121.849998,122.690002,120.18,120.919998,39552700
2015/11/6,121.110001,121.809998,120.620003,121.059998,33042300
2015/11/9,120.959999,121.809998,120.050003,120.57,33871400
2015/11/10,116.900002,118.07,116.059998,116.769997,59127900
2015/11/11,116.370003,117.419998,115.209999,116.110001,45218000
2015/11/12,116.260002,116.82,115.650002,115.720001,32525600
2015/11/13,115.199997,115.57,112.269997,112.339996,45812400
2015/11/16,111.379997,114.239998,111,114.18,38106700
2015/11/17,114.919998,115.050003,113.32,113.690002,27616900
2015/11/18,115.760002,117.489998,115.5,117.290001,46674700
2015/11/19,117.639999,119.75,116.760002,118.779999,43295800
2015/11/20,119.199997,119.919998,118.849998,119.300003,34287100
2015/11/23,119.269997,119.730003,117.339996,117.75,32482500
2015/11/24,117.330002,119.349998,117.120003,118.879997,42803200
2015/11/25,119.209999,119.230003,117.919998,118.029999,21388300
2015/11/27,118.290001,118.410004,117.599998,117.809998,13046400
2015/11/30,117.989998,119.410004,117.75,118.300003,39180300
2015/12/1,118.75,118.809998,116.860001,117.339996,34852400
2015/12/2,117.339996,118.110001,116.080002,116.279999,33386600
2015/12/3,116.550003,116.790001,114.220001,115.199997,41569500
2015/12/4,115.290001,119.25,115.110001,119.029999,57777000
2015/12/7,118.980003,119.860001,117.809998,118.279999,32084200
2015/12/8,117.519997,118.599998,116.860001,118.230003,34309500
2015/12/9,117.639999,117.690002,115.080002,115.620003,46361400
2015/12/10,116.040001,116.940002,115.510002,116.169998,29104200
2015/12/11,115.190002,115.389999,112.849998,113.18,46886200
2015/12/14,112.18,112.68,109.790001,112.480003,64318700
2015/12/15,111.940002,112.800003,110.349998,110.489998,53323100
2015/12/16,111.07,111.989998,108.800003,111.339996,56238500
2015/12/17,112.019997,112.25,108.980003,108.980003,44772800
2015/12/18,108.910004,109.519997,105.809998,106.029999,96453300
2015/12/21,107.279999,107.370003,105.57,107.330002,47590600
2015/12/22,107.400002,107.720001,106.449997,107.230003,32789400
2015/12/23,107.269997,108.849998,107.199997,108.610001,32657400
2015/12/24,109,109,107.949997,108.029999,13570400
2015/12/28,107.589996,107.690002,106.18,106.82,26704200
2015/12/29,106.959999,109.43,106.860001,108.739998,30931200
2015/12/30,108.580002,108.699997,107.18,107.32,25213800
2015/12/31,107.010002,107.029999,104.82,105.260002,40635300
2016/1/4,102.610001,105.370003,102,105.349998,67649400
2016/1/5,105.75,105.849998,102.410004,102.709999,55791000
2016/1/6,100.559998,102.370003,99.870003,100.699997,68457400
2016/1/7,98.68,100.129997,96.43,96.449997,81094400
2016/1/8,98.550003,99.110001,96.760002,96.959999,70798000
2016/1/11,98.970001,99.059998,97.339996,98.529999,49739400
2016/1/12,100.550003,100.690002,98.839996,99.959999,49154200
2016/1/13,100.32,101.190002,97.300003,97.389999,62439600
2016/1/14,97.959999,100.480003,95.739998,99.519997,63170100
2016/1/15,96.199997,97.709999,95.360001,97.129997,79010000
2016/1/19,98.410004,98.650002,95.5,96.660004,53087700
2016/1/20,95.099998,98.190002,93.419998,96.790001,72334400
2016/1/21,97.059998,97.879997,94.940002,96.300003,52161500
2016/1/22,98.629997,101.459999,98.370003,101.419998,65800500
2016/1/25,101.519997,101.529999,99.209999,99.440002,51794500
2016/1/26,99.93,100.879997,98.07,99.989998,75077000
2016/1/27,96.040001,96.629997,93.339996,93.419998,133369700
2016/1/28,93.790001,94.519997,92.389999,94.089996,55678800
2016/1/29,94.790001,97.339996,94.349998,97.339996,64416500
2016/2/1,96.470001,96.709999,95.400002,96.43,40943500
2016/2/2,95.419998,96.040001,94.279999,94.480003,37357200
2016/2/3,95,96.839996,94.080002,96.349998,45964300
2016/2/4,95.860001,97.330002,95.190002,96.599998,46471700
2016/2/5,96.519997,96.919998,93.690002,94.019997,46418100
2016/2/8,93.129997,95.699997,93.040001,95.010002,54021400
2016/2/9,94.290001,95.940002,93.93,94.989998,44331200
2016/2/10,95.919998,96.349998,94.099998,94.269997,42343600
2016/2/11,93.790001,94.720001,92.589996,93.699997,50074700
2016/2/12,94.190002,94.5,93.010002,93.989998,40351400
2016/2/16,95.019997,96.849998,94.610001,96.639999,49057900
2016/2/17,96.669998,98.209999,96.150002,98.120003,44863200
2016/2/18,98.839996,98.889999,96.089996,96.260002,39021000
2016/2/19,96,96.760002,95.800003,96.040001,35374200
2016/2/22,96.309998,96.900002,95.919998,96.879997,34280800
2016/2/23,96.400002,96.5,94.550003,94.690002,31942600
2016/2/24,93.980003,96.379997,93.32,96.099998,36255700
2016/2/25,96.050003,96.760002,95.25,96.760002,27582700
2016/2/26,97.199997,98.019997,96.580002,96.910004,28991100
2016/2/29,96.860001,98.230003,96.650002,96.690002,35216300
2016/3/1,97.650002,100.769997,97.419998,100.529999,50407100
2016/3/2,100.510002,100.889999,99.639999,100.75,33169600
2016/3/3,100.580002,101.709999,100.449997,101.5,36955700
2016/3/4,102.370003,103.75,101.370003,103.010002,46055100
2016/3/7,102.389999,102.830002,100.959999,101.870003,35828900
2016/3/8,100.779999,101.760002,100.400002,101.029999,31561900
2016/3/9,101.309998,101.580002,100.269997,101.120003,27201700
2016/3/10,101.410004,102.239998,100.150002,101.169998,33513600
2016/3/11,102.239998,102.279999,101.5,102.260002,27408200
2016/3/14,101.910004,102.910004,101.779999,102.519997,25076100
2016/3/15,103.959999,105.18,103.849998,104.580002,40067700
2016/3/16,104.610001,106.309998,104.589996,105.970001,38303500
2016/3/17,105.519997,106.470001,104.959999,105.800003,34420700
2016/3/18,106.339996,106.5,105.190002,105.919998,44205200
2016/3/21,105.93,107.650002,105.139999,105.910004,35502700
2016/3/22,105.25,107.290001,105.209999,106.720001,32444400
2016/3/23,106.480003,107.07,105.900002,106.129997,25703500
2016/3/24,105.470001,106.25,104.889999,105.669998,26133000
2016/3/28,106,106.190002,105.059998,105.190002,19411400
2016/3/29,104.889999,107.790001,104.879997,107.68,31190100
2016/3/30,108.650002,110.419998,108.599998,109.559998,45601100
2016/3/31,109.720001,109.900002,108.879997,108.989998,25888400
